original_title,english_title,rating,year,film_poster,genres
The Shawshank Redemption,,8.77,1994,https://fwcdn.pl/fpo/10/48/1048/6925401_1.7.webp,Dramat
The Green Mile,,8.6,1999,https://fwcdn.pl/fpo/08/62/862/7517878_1.7.webp,Dramat
Intouchables,,8.6,2011,https://fwcdn.pl/fpo/33/90/583390/7441162_1.7.webp,Biograficzny;Dramat;Komedia
The Godfather,,8.59,1972,https://fwcdn.pl/fpo/10/89/1089/7196615_1.7.webp,Dramat;Gangsterski
12 Angry Men,,8.58,1957,https://fwcdn.pl/fpo/07/01/30701/8094290_1.7.webp,Dramat sądowy
Forrest Gump,,8.52,1994,https://fwcdn.pl/fpo/09/98/998/8021615_1.7.webp,Dramat;Komedia
One Flew Over the Cuckoo's Nest,,8.42,1975,https://fwcdn.pl/fpo/10/19/1019/6974780_1.7.webp,Dramat;Psychologiczny
The Godfather: Part II,,8.38,1974,https://fwcdn.pl/fpo/10/90/1090/7196616_1.7.webp,Dramat;Gangsterski
The Lord of the Rings: The Return of the King,,8.35,2003,https://fwcdn.pl/fpo/18/41/11841/7494142_1.7.webp,Fantasy;Przygodowy
Schindler's List,,8.33,1993,https://fwcdn.pl/fpo/12/11/1211/7876866_1.7.webp,Dramat;Wojenny
Pulp Fiction,,8.31,1994,https://fwcdn.pl/fpo/10/39/1039/7517880_1.7.webp,Gangsterski
La vita è bella,,8.29,1997,https://fwcdn.pl/fpo/02/08/208/7520031_1.7.webp,Dramat;Komedia;Wojenny
The Lord of the Rings: The Two Towers,,8.28,2002,https://fwcdn.pl/fpo/14/51/31451/7877022_1.7.webp,Fantasy;Przygodowy
Se7en,,8.27,1995,https://fwcdn.pl/fpo/07/02/702/8021069_1.7.webp,Kryminał;Thriller
Fight Club,,8.25,1999,https://fwcdn.pl/fpo/08/37/837/7522091_1.7.webp,Thriller;Psychologiczny
Goodfellas,,8.24,1990,https://fwcdn.pl/fpo/10/33/1033/6941458_1.7.webp,Dramat;Gangsterski
The Pianist,,8.23,2002,https://fwcdn.pl/fpo/22/25/32225/7519150_1.7.webp,Biograficzny;Dramat;Wojenny
The Silence of the Lambs,,8.21,1991,https://fwcdn.pl/fpo/10/47/1047/8022081_1.7.webp,Thriller
A Beautiful Mind,,8.21,2001,https://fwcdn.pl/fpo/18/64/31864/7521208_1.7.webp,Biograficzny;Dramat
Django Unchained,,8.21,2012,https://fwcdn.pl/fpo/05/41/620541/7504936_2.7.webp,Western
Inception,,8.21,2010,https://fwcdn.pl/fpo/08/91/500891/7354571_1.7.webp,Surrealistyczny;Thriller;Sci-Fi
The Lion King,,8.21,1994,https://fwcdn.pl/fpo/68/78/6878/7389475_1.7.webp,Animacja;Familijny
Joker,,8.21,2019,https://fwcdn.pl/fpo/01/67/810167/7905225_1.7.webp,Dramat;Kryminał;Psychologiczny
Gran Torino,,8.16,2008,https://fwcdn.pl/fpo/65/80/476580/7239651_2.7.webp,Dramat
Scarface,,8.16,1983,https://fwcdn.pl/fpo/48/33/4833/6935904_1.7.webp,Dramat;Gangsterski
Coco,,8.16,2017,https://fwcdn.pl/fpo/22/60/752260/7813486_2.7.webp,Animacja;Familijny;Przygodowy
Shutter Island,,8.15,2010,https://fwcdn.pl/fpo/42/56/464256/7317256_2.7.webp,Dramat;Thriller
Léon,,8.12,1994,https://fwcdn.pl/fpo/06/71/671/8021401_1.7.webp,Dramat;Kryminał
American History X,,8.11,1998,https://fwcdn.pl/fpo/06/33/30633/7237666_1.7.webp,Dramat
Gladiator,,8.11,2000,https://fwcdn.pl/fpo/09/36/936/8022172_1.7.webp,Dramat historyczny
Green Book,,8.09,2018,https://fwcdn.pl/fpo/96/30/809630/7873350_1.7.webp,Dramat;Komedia
Saving Private Ryan,,8.07,1998,https://fwcdn.pl/fpo/01/79/179/7710998_1.7.webp,Dramat;Wojenny
Braveheart,,8.06,1995,https://fwcdn.pl/fpo/10/52/1052/7911791_1.7.webp,Dramat historyczny
Good Will Hunting,,8.06,1997,https://fwcdn.pl/fpo/00/21/21/8021517_1.7.webp,Dramat obyczajowy
Whiplash,,8.05,2014,https://fwcdn.pl/fpo/88/47/698847/7655940_1.7.webp,Dramat;Muzyczny
Apocalypse Now,,8.05,1979,https://fwcdn.pl/fpo/10/92/1092/8138331.7.webp,Dramat;Wojenny
The Boy in the Striped Pyjamas,,8.05,2008,https://fwcdn.pl/fpo/01/36/420136/7347382_1.7.webp,Dramat;Wojenny
Scent of a Woman,,8.04,1992,https://fwcdn.pl/fpo/10/93/1093/7377615_1.7.webp,Dramat
Hacksaw Ridge,,8.03,2016,https://fwcdn.pl/fpo/88/02/658802/7754988_1.7.webp,Biograficzny;Dramat;Wojenny
The Prestige,,8.03,2006,https://fwcdn.pl/fpo/99/45/259945/7536864_2.7.webp,Dramat;Thriller
Star Wars: Episode V - The Empire Strikes Back,,8.03,1980,https://fwcdn.pl/fpo/05/25/525/8020805_1.7.webp,Przygodowy;Sci-Fi
Il buono, il brutto, il cattivo.,,8.02,1966,https://fwcdn.pl/fpo/51/03/5103/7530235_1.7.webp,Western
Avengers: Infinity War,,8.02,2018,https://fwcdn.pl/fpo/37/58/693758/7839647_2.7.webp,Akcja;Sci-Fi
Dune: Part Two,,8.01,2024,https://fwcdn.pl/fpo/34/81/10003481/8151312.7.webp,Sci-Fi
Star Wars: Episode VI - Return of the Jedi,,8.01,1983,https://fwcdn.pl/fpo/05/47/547/7885578_1.7.webp,Przygodowy;Sci-Fi
Once Upon a Time in America,,8.01,1984,https://fwcdn.pl/fpo/10/38/1038/7618279_1.7.webp,Dramat;Gangsterski
The Help,,8.0,2011,https://fwcdn.pl/fpo/71/27/567127/7435839_1.7.webp,Dramat
Casino,,8.0,1995,https://fwcdn.pl/fpo/10/29/1029/8023037_1.7.webp,Dramat;Gangsterski
The Lord of the Rings: The Fellowship of the Ring,,7.99,2001,https://fwcdn.pl/fpo/10/65/1065/7912491_1.7.webp,Fantasy;Przygodowy
The Dark Knight,,7.99,2008,https://fwcdn.pl/fpo/63/51/236351/8143261.7.webp,Akcja;Sci-Fi
Heat,,7.99,1995,https://fwcdn.pl/fpo/06/60/660/8021891_1.7.webp,Sensacyjny
Gi-saeng-chung,,7.99,2019,https://fwcdn.pl/fpo/81/43/798143/7895390_2.7.webp,Dramat
Amadeus,,7.99,1984,https://fwcdn.pl/fpo/12/86/1286/7340682_1.7.webp,Biograficzny;Muzyczny
The Pursuit of Happyness,,7.98,2006,https://fwcdn.pl/fpo/00/46/240046/7131963_1.7.webp,Biograficzny;Dramat obyczajowy
Inglourious Basterds,,7.98,2009,https://fwcdn.pl/fpo/77/47/137747/7276639_2.7.webp,Wojenny
Platoon,,7.97,1986,https://fwcdn.pl/fpo/10/68/1068/7500874_1.7.webp,Dramat;Wojenny
Sen to Chihiro no Kamikakushi,,7.97,2001,https://fwcdn.pl/fpo/32/88/33288/8123334_1.7.webp,Fantasy;Przygodowy;Anime
The Notebook,,7.96,2004,https://fwcdn.pl/fpo/88/87/38887/7386912_1.7.webp,Melodramat
The Departed,,7.96,2006,https://fwcdn.pl/fpo/60/05/136005/7518097_2.7.webp,Kryminał
Bogowie,,7.94,2014,https://fwcdn.pl/fpo/43/78/694378/7632114_1.7.webp,Biograficzny;Dramat
Awakenings,,7.93,1990,https://fwcdn.pl/fpo/10/35/1035/7530907_1.7.webp,Dramat obyczajowy
Psycho,,7.93,1960,https://fwcdn.pl/fpo/13/21/1321/7541343_1.7.webp,Thriller
Hachi: A Dog's Tale,,7.92,2009,https://fwcdn.pl/fpo/99/35/449935/7350038_2.7.webp,Dramat
The Deer Hunter,,7.92,1978,https://fwcdn.pl/fpo/10/45/1045/7563795_1.7.webp,Dramat;Wojenny
Interstellar,,7.92,2014,https://fwcdn.pl/fpo/56/29/375629/7670122_2.7.webp,Sci-Fi
Seven Pounds,,7.91,2008,https://fwcdn.pl/fpo/99/74/459974/7380825_1.7.webp,Dramat
Avengers: Endgame,,7.9,2019,https://fwcdn.pl/fpo/05/42/790542/7881430_2.7.webp,Akcja;Sci-Fi
Cidade de Deus,,7.9,2002,https://fwcdn.pl/fpo/83/77/38377/6900691_1.7.webp,Dramat;Thriller
Snatch,,7.88,2000,https://fwcdn.pl/fpo/13/26/1326/7635628_1.7.webp,Komedia kryminalna
Rain Man,,7.87,1988,https://fwcdn.pl/fpo/10/08/1008/7521209_1.7.webp,Dramat;Komedia
The Devil's Advocate,,7.87,1997,https://fwcdn.pl/fpo/00/02/2/6956729_1.7.webp,Thriller
Monty Python and the Holy Grail,,7.86,1975,https://fwcdn.pl/fpo/10/96/1096/8097675_1.7.webp,Komedia;Kostiumowy;Przygodowy
Reservoir Dogs,,7.86,1992,https://fwcdn.pl/fpo/18/43/11843/8022333_1.7.webp,Thriller;Gangsterski
Full Metal Jacket,,7.86,1987,https://fwcdn.pl/fpo/86/25/8625/7183752_1.7.webp,Dramat;Wojenny
Spider-Man: Into the Spider-Verse,,7.85,2018,https://fwcdn.pl/fpo/32/33/743233/7866074_2.7.webp,Animacja;Akcja;Sci-Fi
Nuovo cinema Paradiso,,7.85,1988,https://fwcdn.pl/fpo/82/28/8228/7085935_1.7.webp,Dramat
The Godfather: Part III,,7.85,1990,https://fwcdn.pl/fpo/10/91/1091/7196617_1.7.webp,Dramat;Gangsterski
Star Wars,,7.85,1977,https://fwcdn.pl/fpo/07/59/759/8037811_1.7.webp,Przygodowy;Sci-Fi
Three Billboards Outside Ebbing, Missouri,,7.84,2017,https://fwcdn.pl/fpo/74/06/767406/7828023_2.7.webp,Dramat
Zootopia,,7.84,2016,https://fwcdn.pl/fpo/38/36/703836/7713593_2.7.webp,Animacja;Komedia;Przygodowy
Contratiempo,,7.84,2016,https://fwcdn.pl/fpo/42/87/754287/7799551_1.7.webp,Kryminał
Najlepszy,,7.83,2017,https://fwcdn.pl/fpo/27/00/772700/7802674_1.7.webp,Biograficzny;Obyczajowy;Sportowy
Klaus,,7.83,2019,https://fwcdn.pl/fpo/38/25/743825/7901228_1.7.webp,Animacja;Komedia;Przygodowy;Świąteczny
The Sting,,7.82,1973,https://fwcdn.pl/fpo/21/37/12137/7416704_1.7.webp,Komedia kryminalna
A Clockwork Orange,,7.82,1971,https://fwcdn.pl/fpo/12/75/1275/7183754_1.7.webp,Dramat;Sci-Fi
Prisoners,,7.82,2013,https://fwcdn.pl/fpo/71/69/507169/7568460_1.7.webp,Thriller
Catch Me If You Can,,7.82,2002,https://fwcdn.pl/fpo/23/62/32362/7519166_1.7.webp,Komedia kryminalna
Les choristes,,7.82,2004,https://fwcdn.pl/fpo/95/14/119514/6936984_2.7.webp,Dramat;Muzyczny
Shichinin no samurai,,7.82,1954,https://fwcdn.pl/fpo/13/69/31369/7731649_1.7.webp,Dramat
The Father,,7.82,2020,https://fwcdn.pl/fpo/54/69/835469/7959845_2.7.webp,Dramat
Enemy at the Gates,,7.81,2001,https://fwcdn.pl/fpo/54/21/5421/6926242_1.7.webp,Dramat;Wojenny
How to Train Your Dragon,,7.81,2010,https://fwcdn.pl/fpo/10/14/331014/7318652_2.7.webp,Animacja;Familijny;Fantasy;Przygodowy
Jak rozpętałem drugą wojnę światową,,7.81,1969,https://fwcdn.pl/fpo/65/31/6531/7863904_1.7.webp,Komedia;Przygodowy;Wojenny
Requiem for a Dream,,7.81,2000,https://fwcdn.pl/fpo/91/36/9136/6908595_1.7.webp,Dramat
Mononoke-hime,,7.81,1997,https://fwcdn.pl/fpo/09/71/971/8122752_1.7.webp,Fantasy;Przygodowy;Anime
La migliore offerta,,7.8,2013,https://fwcdn.pl/fpo/45/25/624525/7556850_1.7.webp,Dramat
Alien,,7.8,1979,https://fwcdn.pl/fpo/09/80/980/7518072_1.7.webp,Horror;Sci-Fi
Hauru no ugoku shiro,,7.8,2004,https://fwcdn.pl/fpo/87/10/128710/8122751_1.7.webp,Fantasy;Anime
Life of Brian,,7.8,1979,https://fwcdn.pl/fpo/10/99/1099/7364767_1.7.webp,Komedia
Shrek,,7.79,2001,https://fwcdn.pl/fpo/95/09/9509/7640796_1.7.webp,Animacja;Familijny;Komedia
Carlito's Way,,7.79,1993,https://fwcdn.pl/fpo/10/94/1094/7022344_1.7.webp,Gangsterski
Philadelphia,,7.79,1993,https://fwcdn.pl/fpo/12/22/1222/8022447_1.7.webp,Dramat
Girl, Interrupted,,7.79,1999,https://fwcdn.pl/fpo/08/82/882/6924573_1.7.webp,Biograficzny;Dramat;Psychologiczny
Into the Wild,,7.79,2007,https://fwcdn.pl/fpo/78/29/297829/7187777_2.7.webp,Biograficzny;Dramat;Przygodowy
Oppenheimer,,7.79,2023,https://fwcdn.pl/fpo/28/17/10002817/8120472_2.7.webp,Biograficzny;Dramat
Bohemian Rhapsody,,7.79,2018,https://fwcdn.pl/fpo/92/01/619201/7863180_2.7.webp,Biograficzny;Dramat;Muzyczny
The Sixth Sense,,7.78,1999,https://fwcdn.pl/fpo/08/25/825/6901015_1.7.webp,Thriller
Sleepers,,7.78,1996,https://fwcdn.pl/fpo/06/16/616/7268743_1.7.webp,Dramat;Thriller
Sami swoi,,7.78,1967,https://fwcdn.pl/fpo/11/13/1113/7728615_1.7.webp,Komedia obycz.
Fiddler on the Roof,,7.78,1971,https://fwcdn.pl/fpo/13/01/1301/7975903_1.7.webp,Dramat;Musical
Man on Fire,,7.78,2004,https://fwcdn.pl/fpo/70/49/107049/7127130_1.7.webp,Dramat;Sensacyjny
Chłopaki nie płaczą,,7.77,2000,https://fwcdn.pl/fpo/08/43/843/6901032_1.7.webp,Komedia;Sensacyjny
The Shining,,7.76,1980,https://fwcdn.pl/fpo/10/20/1020/7183753_1.7.webp,Horror
Taxi Driver,,7.76,1976,https://fwcdn.pl/fpo/10/46/1046/7943939_1.7.webp,Dramat
The Game,,7.76,1997,https://fwcdn.pl/fpo/00/62/62/7521204_1.7.webp,Thriller
Dead Poets Society,,7.76,1989,https://fwcdn.pl/fpo/12/62/1262/7332828_1.7.webp,Dramat
Primal Fear,,7.76,1996,https://fwcdn.pl/fpo/10/67/1067/7466036_1.7.webp,Dramat;Thriller
Dzień świra,,7.76,2002,https://fwcdn.pl/fpo/14/13/31413/6900422_1.7.webp,Dramat;Komedia;Psychologiczny
Law Abiding Citizen,,7.76,2009,https://fwcdn.pl/fpo/52/02/475202/7297945_2.7.webp,Thriller
Some Like It Hot,,7.75,1959,https://fwcdn.pl/fpo/06/71/30671/7311923_1.7.webp,Komedia
The Meaning of Life,,7.75,1983,https://fwcdn.pl/fpo/11/00/1100/7001740_1.7.webp,Komedia
Incendies,,7.75,2010,https://fwcdn.pl/fpo/22/63/512263/7351043_2.7.webp,Dramat;Wojenny
Gone with the Wind,,7.75,1939,https://fwcdn.pl/fpo/13/14/1314/7242054_1.7.webp,Kostiumowy;Melodramat
Room,,7.74,2015,https://fwcdn.pl/fpo/15/41/731541/7708550_1.7.webp,Dramat
Pink Floyd: The Wall,,7.74,1982,https://fwcdn.pl/fpo/86/73/8673/6923978_2.7.webp,Dramat;Muzyczny;Animacja dla dorosłych
Per qualche dollaro in più,,7.74,1965,https://fwcdn.pl/fpo/73/90/37390/7517915_1.7.webp,Western
Chłopi,,7.74,2023,https://fwcdn.pl/fpo/79/62/857962/8095499_2.7.webp,Animacja;Dramat
Hotaru no Haka,,7.74,1988,https://fwcdn.pl/fpo/46/55/34655/7589836_1.7.webp,Dramat;Anime
Tylko nie mów nikomu,,7.74,2019,https://fwcdn.pl/fpo/06/31/830631/7885650_1.7.webp,Dokumentalny
Ford v Ferrari,,7.74,2019,https://fwcdn.pl/fpo/57/91/705791/7888112_2.7.webp,Biograficzny;Dramat;Sportowy
Lock, Stock and Two Smoking Barrels,,7.73,1998,https://fwcdn.pl/fpo/07/47/747/7222553_1.7.webp,Komedia kryminalna
Seksmisja,,7.73,1983,https://fwcdn.pl/fpo/11/63/1163/8113551_1.7.webp,Komedia;Sci-Fi
Przesłuchanie,,7.73,1982,https://fwcdn.pl/fpo/12/00/1200/8068344_1.7.webp,Dramat;Polityczny
Top Gun: Maverick,,7.73,2022,https://fwcdn.pl/fpo/21/01/602101/8014563_2.7.webp,Akcja
Miś,,7.73,1980,https://fwcdn.pl/fpo/08/96/896/8029196_1.7.webp,Komedia
Black Hawk Down,,7.73,2001,https://fwcdn.pl/fpo/14/19/31419/7517902_1.7.webp,Dramat;Wojenny
Trainspotting,,7.72,1996,https://fwcdn.pl/fpo/09/89/989/7262129_1.7.webp,Dramat
The Butterfly Effect,,7.72,2004,https://fwcdn.pl/fpo/02/52/40252/7535972_1.7.webp,Thriller;Sci-Fi
Katedra,,7.72,2002,https://fwcdn.pl/fpo/47/73/34773/7569392_1.7.webp,Animacja;Krótkometrażowy
Mandariinid,,7.72,2013,https://fwcdn.pl/fpo/40/62/694062/7617388_1.7.webp,Dramat;Wojenny
Pirates of the Caribbean: The Curse of the Black Pearl,,7.72,2003,https://fwcdn.pl/fpo/73/09/37309/7515192_1.7.webp,Fantasy;Przygodowy
The Reader,,7.72,2008,https://fwcdn.pl/fpo/95/84/439584/7240104_2.7.webp,Melodramat
Million Dollar Baby,,7.72,2004,https://fwcdn.pl/fpo/36/97/123697/7517900_2.7.webp,Dramat
Pirates of the Caribbean: Dead Man's Chest,,7.71,2006,https://fwcdn.pl/fpo/74/04/107404/7518098_2.7.webp,Fantasy;Przygodowy
Unforgiven,,7.71,1992,https://fwcdn.pl/fpo/12/41/1241/8022079_1.7.webp,Western
Gone Girl,,7.71,2014,https://fwcdn.pl/fpo/54/09/695409/7641076_2.7.webp,Thriller
Blow,,7.71,2001,https://fwcdn.pl/fpo/42/58/4258/7175829_1.7.webp,Biograficzny;Dramat;Kryminał
Spider-Man: Across the Spider-Verse,,7.71,2023,https://fwcdn.pl/fpo/28/26/842826/8068847_1.7.webp,Animacja;Akcja;Sci-Fi
The King's Speech,,7.71,2010,https://fwcdn.pl/fpo/92/70/539270/7354200_1.7.webp,Biograficzny;Dramat historyczny
Rush,,7.71,2013,https://fwcdn.pl/fpo/82/62/628262/7577202_3.7.webp,Biograficzny;Dramat;Sportowy
Dallas Buyers Club,,7.71,2013,https://fwcdn.pl/fpo/78/59/657859/7597314_1.7.webp,Biograficzny;Dramat
Jagten,,7.71,2012,https://fwcdn.pl/fpo/03/18/640318/7534651_1.7.webp,Dramat obyczajowy
What's Eating Gilbert Grape,,7.71,1993,https://fwcdn.pl/fpo/12/36/1236/7521200_1.7.webp,Dramat
American Gangster,,7.71,2007,https://fwcdn.pl/fpo/01/30/130130/7338427_1.7.webp,Biograficzny;Dramat;Kryminał
The Illusionist,,7.7,2006,https://fwcdn.pl/fpo/36/57/203657/7586361_2.7.webp,Fantasy;Kostiumowy
The Grand Budapest Hotel,,7.7,2014,https://fwcdn.pl/fpo/18/17/661817/7591501_1.7.webp,Dramat;Komedia
The Wolf of Wall Street,,7.7,2013,https://fwcdn.pl/fpo/65/97/426597/7586610_1.7.webp,Biograficzny;Komedia kryminalna
The Mission,,7.7,1986,https://fwcdn.pl/fpo/10/37/1037/7166315_1.7.webp,Dramat;Kostiumowy
Kiler,,7.7,1997,https://fwcdn.pl/fpo/05/29/529/6900785_1.7.webp,Komedia;Sensacyjny
David Attenborough: A Life On Our Planet,,7.69,2020,https://fwcdn.pl/fpo/04/17/850417/7933589_1.7.webp,Dokumentalny;Przyrodniczy
The Boondock Saints,,7.69,1999,https://fwcdn.pl/fpo/02/13/10213/7301729_1.7.webp,Sensacyjny
Harry Potter and the Deathly Hallows: Part 2,,7.69,2011,https://fwcdn.pl/fpo/60/21/476021/7383312_1.7.webp,Familijny;Fantasy;Przygodowy
Samsara,,7.69,2011,https://fwcdn.pl/fpo/53/32/335332/7512871_2.7.webp,Dokumentalny
Gadające głowy,,7.69,1980,https://fwcdn.pl/fpo/54/61/35461/7247038_1.7.webp,Dokumentalny;Krótkometrażowy
Casablanca,,7.69,1942,https://fwcdn.pl/fpo/09/05/905/7289268_1.7.webp,Kryminał;Melodramat
Róża,,7.69,2011,https://fwcdn.pl/fpo/46/94/564694/7410707_1.7.webp,Dramat
Cafarnaúm,,7.68,2018,https://fwcdn.pl/fpo/76/22/807622/7873351_1.7.webp,Dramat
Sherlock Holmes,,7.68,2009,https://fwcdn.pl/fpo/60/62/426062/7423630_1.7.webp,Kryminał;Przygodowy
Inside Out,,7.68,2015,https://fwcdn.pl/fpo/21/70/682170/7692393_1.7.webp,Animacja;Komedia
Loving Vincent,,7.68,2017,https://fwcdn.pl/fpo/82/07/698207/7799420_1.7.webp,Animacja;Dramat;Kryminał
Symetria,,7.68,2003,https://fwcdn.pl/fpo/39/07/103907/7536865_2.7.webp,Dramat
Krótki film o zabijaniu,,7.68,1987,https://fwcdn.pl/fpo/11/57/1157/7879819_1.7.webp,Dramat;Psychologiczny
Changeling,,7.68,2008,https://fwcdn.pl/fpo/38/78/293878/7239133_1.7.webp,Dramat obyczajowy
Edward Scissorhands,,7.67,1990,https://fwcdn.pl/fpo/53/55/5355/7640252_1.7.webp,Dramat;Fantasy
A Bronx Tale,,7.67,1993,https://fwcdn.pl/fpo/10/31/1031/8063750_1.7.webp,Dramat;Gangsterski
Kimi no Na wa.,,7.67,2016,https://fwcdn.pl/fpo/00/82/760082/7782990_1.7.webp,Fantasy;Melodramat;Anime
The Dark Knight Rises,,7.67,2012,https://fwcdn.pl/fpo/67/56/506756/7476576_1.7.webp,Akcja;Sci-Fi
The Graduate,,7.67,1967,https://fwcdn.pl/fpo/10/42/1042/8108628_1.7.webp,Dramat obyczajowy
Wołyń,,7.67,2016,https://fwcdn.pl/fpo/46/94/724694/7750060_1.7.webp,Dramat;Wojenny
Rocky,,7.66,1976,https://fwcdn.pl/fpo/91/90/9190/7978038_1.7.webp,Dramat;Sportowy
Warrior,,7.66,2011,https://fwcdn.pl/fpo/93/38/499338/7431453_1.7.webp,Dramat;Sportowy
Raiders of the Lost Ark,,7.66,1981,https://fwcdn.pl/fpo/12/16/1216/7211116_1.7.webp,Przygodowy
In the Name of the Father,,7.66,1993,https://fwcdn.pl/fpo/12/31/1231/7716387_1.7.webp,Biograficzny;Dramat obyczajowy
C'era una volta il West,,7.66,1968,https://fwcdn.pl/fpo/44/06/4406/7282364_1.7.webp,Western
Pirates of the Caribbean: At World's End,,7.66,2007,https://fwcdn.pl/fpo/17/60/121760/7154556_1.7.webp,Fantasy;Przygodowy
The Curious Case of Benjamin Button,,7.65,2008,https://fwcdn.pl/fpo/33/83/123383/7232883_2.7.webp,Fantasy;Melodramat
Der Name der Rose,,7.65,1986,https://fwcdn.pl/fpo/13/19/1319/6944300_2.7.webp,Kryminał
Donnie Brasco,,7.65,1997,https://fwcdn.pl/fpo/05/16/516/7730453_1.7.webp,Biograficzny;Gangsterski
Breakfast at Tiffany's,,7.65,1961,https://fwcdn.pl/fpo/13/18/1318/7563681_1.7.webp,Melodramat
Dances with Wolves,,7.65,1990,https://fwcdn.pl/fpo/12/57/1257/7519666_1.7.webp,Western
Dług,,7.65,1999,https://fwcdn.pl/fpo/07/81/781/7679958_1.7.webp,Dramat;Psychologiczny
I Am Sam,,7.65,2001,https://fwcdn.pl/fpo/20/21/32021/7178065_1.7.webp,Dramat obyczajowy
Indiana Jones and the Last Crusade,,7.65,1989,https://fwcdn.pl/fpo/12/13/1213/6900207_1.7.webp,Przygodowy
Thor: Ragnarok,,7.65,2017,https://fwcdn.pl/fpo/79/70/707970/7810635_1.7.webp,Fantasy;Przygodowy
Song of the Sea,,7.65,2014,https://fwcdn.pl/fpo/24/76/622476/7695132_1.7.webp,Animacja;Familijny;Fantasy
Blade Runner,,7.64,1982,https://fwcdn.pl/fpo/07/34/734/7899618_1.7.webp,Thriller;Sci-Fi
Coach Carter,,7.64,2005,https://fwcdn.pl/fpo/19/36/121936/7672880_2.7.webp,Biograficzny;Dramat;Sportowy
Knives Out,,7.64,2019,https://fwcdn.pl/fpo/69/79/816979/7899863_1.7.webp,Dramat;Komedia;Kryminał
The Life of David Gale,,7.64,2003,https://fwcdn.pl/fpo/31/28/33128/7520037_1.7.webp,Dramat
Harry Potter and the Prisoner of Azkaban,,7.64,2004,https://fwcdn.pl/fpo/42/82/34282/7566198_1.7.webp,Familijny;Fantasy;Przygodowy
Mulan,,7.63,1998,https://fwcdn.pl/fpo/05/39/539/7491914_1.7.webp,Animacja;Fantasy;Przygodowy
Rear Window,,7.63,1954,https://fwcdn.pl/fpo/13/24/1324/7724646_1.7.webp,Psychologiczny;Dreszczowiec
The Girl with the Dragon Tattoo,,7.63,2011,https://fwcdn.pl/fpo/56/37/565637/7415108_1.7.webp,Kryminał;Thriller
Black Swan,,7.63,2010,https://fwcdn.pl/fpo/61/37/526137/7345525_1.7.webp,Dramat;Psychologiczny
Donnie Darko,,7.63,2001,https://fwcdn.pl/fpo/51/58/5158/7370965_2.7.webp,Dramat
Captain Phillips,,7.63,2013,https://fwcdn.pl/fpo/33/66/643366/7572039_1.7.webp,Biograficzny;Dramat
Kōkaku Kidōtai,,7.63,1995,https://fwcdn.pl/fpo/18/66/31866/8071159_1.7.webp,Akcja;Sci-Fi;Anime
Chinatown,,7.63,1974,https://fwcdn.pl/fpo/10/27/1027/7700844_1.7.webp,Kryminał;Film-Noir
Yip Man,,7.63,2008,https://fwcdn.pl/fpo/18/98/481898/7213235_1.7.webp,Biograficzny;Sztuki walki
Persona,,7.62,1966,https://fwcdn.pl/fpo/16/54/31654/7465674_1.7.webp,Dramat;Psychologiczny
The Blind Side,,7.62,2009,https://fwcdn.pl/fpo/43/98/394398/7327662_2.7.webp,Biograficzny;Dramat;Sportowy
Przypadek,,7.62,1981,https://fwcdn.pl/fpo/08/97/897/7337716_1.7.webp,Dramat;Psychologiczny;Polityczny
2001: A Space Odyssey,,7.62,1968,https://fwcdn.pl/fpo/14/58/1458/7592150_1.7.webp,Sci-Fi
Vabank,,7.62,1981,https://fwcdn.pl/fpo/11/46/1146/7997268_1.7.webp,Komedia kryminalna
How to Train Your Dragon 2,,7.62,2014,https://fwcdn.pl/fpo/43/22/574322/7609030_2.7.webp,Animacja;Familijny;Fantasy;Przygodowy
Mary and Max,,7.62,2009,https://fwcdn.pl/fpo/98/92/479892/7401674_2.7.webp,Animacja;Dramat;Komedia
Interview with the Vampire: The Vampire Chronicles,,7.62,1994,https://fwcdn.pl/fpo/10/02/1002/7314657_1.7.webp,Dramat;Horror
Dr. Strangelove or: How I Learned to Stop Worrying and Love the Bomb,,7.61,1964,https://fwcdn.pl/fpo/51/85/5185/7733511_1.7.webp,Satyra
Singin' in the Rain,,7.61,1952,https://fwcdn.pl/fpo/08/62/30862/7710361_1.7.webp,Komedia;Musical;Romans
Ziemia obiecana,,7.61,1974,https://fwcdn.pl/fpo/10/73/1073/7086923_1.7.webp,Obyczajowy
7. Koğuştaki Mucize,,7.61,2019,https://fwcdn.pl/fpo/05/45/840545/7992957_2.7.webp,Dramat
A Perfect World,,7.61,1993,https://fwcdn.pl/fpo/51/66/5166/7468633_1.7.webp,Dramat
Empire of the Sun,,7.61,1987,https://fwcdn.pl/fpo/12/21/1221/7029406_1.7.webp,Dramat;Wojenny
Psy,,7.61,1992,https://fwcdn.pl/fpo/11/42/1142/7905480_1.7.webp,Sensacyjny
Pociąg,,7.61,1959,https://fwcdn.pl/fpo/87/18/8718/7867944_1.7.webp,Dramat;Psychologiczny
Boże Ciało,,7.61,2019,https://fwcdn.pl/fpo/88/63/808863/7897966_2.7.webp,Obyczajowy
End of Watch,,7.61,2012,https://fwcdn.pl/fpo/47/92/624792/7503197_1.7.webp,Kryminał;Thriller
The Bourne Ultimatum,,7.6,2007,https://fwcdn.pl/fpo/85/13/188513/7521195_2.7.webp,Sensacyjny
The Last Samurai,,7.6,2003,https://fwcdn.pl/fpo/64/47/36447/6929704_1.7.webp,Dramat historyczny
Taken,,7.6,2008,https://fwcdn.pl/fpo/10/89/401089/7199773_2.7.webp,Sensacyjny
Big Hero 6,,7.6,2014,https://fwcdn.pl/fpo/51/83/685183/7650070_2.7.webp,Animacja;Komedia;Akcja;Sci-Fi
American Beauty,,7.6,1999,https://fwcdn.pl/fpo/08/36/836/8021892_1.7.webp,Dramat;Komedia
9 rota,,7.6,2005,https://fwcdn.pl/fpo/15/25/181525/7536875_2.7.webp,Dramat;Wojenny
Mystic River,,7.59,2003,https://fwcdn.pl/fpo/71/12/97112/7527423_1.7.webp,Thriller
Roman Holiday,,7.59,1953,https://fwcdn.pl/fpo/93/08/9308/7844620_1.7.webp,Komedia rom.
K-PAX,,7.59,2001,https://fwcdn.pl/fpo/18/31/31831/6900454_1.7.webp,Dramat
The Untouchables,,7.59,1987,https://fwcdn.pl/fpo/10/36/1036/7525804_1.7.webp,Gangsterski
Wonder,,7.59,2017,https://fwcdn.pl/fpo/63/87/776387/7828164_2.7.webp,Dramat;Komedia;Obyczajowy
The Usual Suspects,,7.59,1995,https://fwcdn.pl/fpo/87/27/8727/7473654_1.7.webp,Kryminał;Thriller
Raging Bull,,7.59,1980,https://fwcdn.pl/fpo/10/44/1044/7367489_1.7.webp,Biograficzny;Dramat
Senna,,7.59,2010,https://fwcdn.pl/fpo/22/61/532261/7411888_2.7.webp,Biograficzny;Dokumentalny;Sportowy
Gifted,,7.59,2017,https://fwcdn.pl/fpo/61/52/756152/7791632_1.7.webp,Dramat
Meet Joe Black,,7.59,1998,https://fwcdn.pl/fpo/00/74/74/7987031_1.7.webp,Fantasy;Melodramat
The Hateful Eight,,7.59,2015,https://fwcdn.pl/fpo/41/92/714192/7715662_1.7.webp,Western
Nie ma mocnych,,7.58,1974,https://fwcdn.pl/fpo/09/73/973/7931585_1.7.webp,Komedia obycz.
Ray,,7.58,2004,https://fwcdn.pl/fpo/65/06/96506/6953598_1.7.webp,Biograficzny;Dramat;Muzyczny
The Hobbit: An Unexpected Journey,,7.58,2012,https://fwcdn.pl/fpo/32/17/343217/7509680_2.7.webp,Fantasy;Przygodowy
Hannibal,,7.58,2001,https://fwcdn.pl/fpo/15/02/1502/7175043_1.7.webp,Thriller
Tonari no Totoro,,7.58,1988,https://fwcdn.pl/fpo/46/56/34656/7180814_1.7.webp,Familijny;Anime
Iron Man,,7.58,2008,https://fwcdn.pl/fpo/25/41/122541/7885686_1.7.webp,Akcja;Sci-Fi
Dancer in the Dark,,7.57,2000,https://fwcdn.pl/fpo/14/17/1417/7533838_1.7.webp,Dramat;Musical
There Will Be Blood,,7.57,2007,https://fwcdn.pl/fpo/91/66/239166/7185094_2.7.webp,Dramat obyczajowy
So weit die Füße tragen,,7.57,2001,https://fwcdn.pl/fpo/37/61/93761/7383023_1.7.webp,Dramat;Wojenny
Pride & Prejudice,,7.57,2005,https://fwcdn.pl/fpo/54/87/125487/7530410_2.7.webp,Kostiumowy;Melodramat
Znachor,,7.56,1981,https://fwcdn.pl/fpo/11/75/1175/8069682_1.7.webp,Obyczajowy
Terminator 2: Judgment Day,,7.56,1991,https://fwcdn.pl/fpo/09/92/992/8112402_1.7.webp,Akcja;Sci-Fi
Perfetti sconosciuti,,7.56,2016,https://fwcdn.pl/fpo/27/25/752725/7768932_2.7.webp,Dramat;Komedia
The Matrix,,7.56,1999,https://fwcdn.pl/fpo/06/28/628/7685907_1.7.webp,Akcja;Sci-Fi
Chce się żyć,,7.56,2013,https://fwcdn.pl/fpo/89/82/648982/7566099_1.7.webp,Dramat
Ice Age,,7.56,2002,https://fwcdn.pl/fpo/20/14/32014/7048673_1.7.webp,Animacja;Komedia;Przygodowy
Jojo Rabbit,,7.56,2019,https://fwcdn.pl/fpo/74/17/817417/7911352_2.7.webp,Dramat;Komedia;Wojenny
Star Wars: Episode III - Revenge of the Sith,,7.56,2005,https://fwcdn.pl/fpo/59/82/5982/7718099_1.7.webp,Przygodowy;Sci-Fi
Dune,,7.56,2021,https://fwcdn.pl/fpo/94/76/469476/8151314.7.webp,Sci-Fi
Memoirs of a Geisha,,7.56,2005,https://fwcdn.pl/fpo/35/00/173500/7511208_1.7.webp,Melodramat
Demain tout commence,,7.55,2016,https://fwcdn.pl/fpo/70/40/757040/7784040_1.7.webp,Dramat;Komedia
Night on Earth,,7.55,1991,https://fwcdn.pl/fpo/81/71/8171/7989980_1.7.webp,Dramat;Komedia
Rosemary's Baby,,7.55,1968,https://fwcdn.pl/fpo/11/04/1104/7618278_1.7.webp,Horror;Psychologiczny
Cabaret,,7.55,1972,https://fwcdn.pl/fpo/13/13/1313/7878746_1.7.webp,Dramat;Musical
The Elephant Man,,7.55,1980,https://fwcdn.pl/fpo/10/87/1087/7907597_1.7.webp,Biograficzny;Dramat
Tangled,,7.55,2010,https://fwcdn.pl/fpo/28/32/122832/7343444_2.7.webp,Animacja;Familijny;Komedia;Musical
Papillon,,7.55,1973,https://fwcdn.pl/fpo/85/29/8529/7222021_2.7.webp,Biograficzny;Dramat;Przygodowy
The Great Dictator,,7.55,1940,https://fwcdn.pl/fpo/13/35/31335/7183103_1.7.webp,Dramat;Komedia
Southpaw,,7.55,2015,https://fwcdn.pl/fpo/99/66/609966/7700344_1.7.webp,Dramat;Sportowy
Baraka,,7.55,1992,https://fwcdn.pl/fpo/40/77/104077/6980381_1.7.webp,Dokumentalny
Crna mačka, beli mačor,,7.55,1998,https://fwcdn.pl/fpo/05/14/514/7231042_1.7.webp,Komedia rom.;Muzyczny
Hair,,7.54,1979,https://fwcdn.pl/fpo/60/01/6001/7252724_1.7.webp,Musical
Le sel de la terre,,7.54,2014,https://fwcdn.pl/fpo/93/49/709349/7708847_1.7.webp,Dokumentalny
Sherlock Holmes: A Game of Shadows,,7.54,2011,https://fwcdn.pl/fpo/68/64/556864/7417108_1.7.webp,Kryminał;Przygodowy
Oldeuboi,,7.54,2003,https://fwcdn.pl/fpo/50/59/115059/8140985.7.webp,Thriller
Aliens,,7.54,1986,https://fwcdn.pl/fpo/09/94/994/7518073_1.7.webp,Horror;Sci-Fi
Desert Flower,,7.54,2009,https://fwcdn.pl/fpo/56/16/495616/7715173_1.7.webp,Biograficzny;Dramat
Men of Honor,,7.54,2000,https://fwcdn.pl/fpo/05/85/30585/7536876_1.7.webp,Biograficzny;Dramat
The Bucket List,,7.54,2007,https://fwcdn.pl/fpo/26/01/372601/7664468_2.7.webp,Dramat;Komedia
WALL·E,,7.54,2008,https://fwcdn.pl/fpo/93/28/399328/7197316_2.7.webp,Animacja;Familijny;Sci-Fi
The Bourne Identity,,7.54,2002,https://fwcdn.pl/fpo/14/97/31497/7521213_1.7.webp,Sensacyjny
Amores perros,,7.54,2000,https://fwcdn.pl/fpo/10/40/31040/7536862_1.7.webp,Dramat;Thriller
No Country for Old Men,,7.54,2007,https://fwcdn.pl/fpo/92/89/259289/7184354_2.7.webp,Dramat;Thriller
The Hobbit: The Desolation of Smaug,,7.54,2013,https://fwcdn.pl/fpo/98/67/469867/7585361_1.7.webp,Fantasy;Przygodowy
It's a Wonderful Life,,7.53,1946,https://fwcdn.pl/fpo/17/93/31793/8045962_1.7.webp,Dramat;Fantasy;Świąteczny
Twardowsky 2.0,,7.53,2016,https://fwcdn.pl/fpo/48/50/774850/7770185_1.7.webp,Sci-Fi;Krótkometrażowy
Lord of War,,7.53,2005,https://fwcdn.pl/fpo/15/32/111532/7521217_2.7.webp,Dramat
Harry Potter and the Goblet of Fire,,7.53,2005,https://fwcdn.pl/fpo/57/46/95746/7537945_1.7.webp,Familijny;Fantasy;Przygodowy
La grande bellezza,,7.53,2013,https://fwcdn.pl/fpo/83/17/658317/7592862_1.7.webp,Dramat;Komedia
The Hunt for Red October,,7.53,1990,https://fwcdn.pl/fpo/87/74/8774/7377925_1.7.webp,Sensacyjny
Adams æbler,,7.53,2005,https://fwcdn.pl/fpo/43/13/4313/7110620_1.7.webp,Dramat;Czarna komedia
Fracture,,7.53,2007,https://fwcdn.pl/fpo/62/44/286244/7169440_2.7.webp,Thriller;Dramat sądowy
Legends of the Fall,,7.53,1994,https://fwcdn.pl/fpo/12/29/1229/7620581_1.7.webp,Melodramat
Citizen Kane,,7.53,1941,https://fwcdn.pl/fpo/12/79/31279/7333988_1.7.webp,Dramat
La haine,,7.53,1995,https://fwcdn.pl/fpo/81/06/8106/7200447_1.7.webp,Dramat
Sztuka spadania,,7.53,2004,https://fwcdn.pl/fpo/58/25/95825/6945915_1.7.webp,Animacja;Fantasy;Krótkometrażowy;Groteska filmowa
The Fugitive,,7.53,1993,https://fwcdn.pl/fpo/12/33/1233/7571842_1.7.webp,Sensacyjny
Crash,,7.52,2004,https://fwcdn.pl/fpo/79/96/107996/7532123_2.7.webp,Dramat
Billy Elliot,,7.52,2000,https://fwcdn.pl/fpo/14/71/1471/7175842_1.7.webp,Dramat;Komedia;Muzyczny
Cinderella Man,,7.52,2005,https://fwcdn.pl/fpo/70/60/107060/7043480_2.7.webp,Biograficzny;Dramat
Paperman,,7.52,2012,https://fwcdn.pl/fpo/68/31/656831/7464646_2.7.webp,Animacja;Komedia;Krótkometrażowy
The Martian,,7.52,2015,https://fwcdn.pl/fpo/55/33/715533/7722529_2.7.webp,Sci-Fi
Limitless,,7.52,2011,https://fwcdn.pl/fpo/82/52/548252/7358317_1.7.webp,Thriller;Sci-Fi
Call Me by Your Name,,7.52,2017,https://fwcdn.pl/fpo/93/94/779394/7840335_1.7.webp,Melodramat
A Dog's Purpose,,7.52,2017,https://fwcdn.pl/fpo/64/06/756406/7758017_2.7.webp,Familijny;Komedia
Dirty Harry,,7.52,1971,https://fwcdn.pl/fpo/43/57/4357/7468709_1.7.webp,Kryminał;Sensacyjny
Amator,,7.52,1979,https://fwcdn.pl/fpo/38/08/3808/8012401_1.7.webp,Obyczajowy;Psychologiczny;Polityczny
Rękopis znaleziony w Saragossie,,7.52,1964,https://fwcdn.pl/fpo/09/02/902/7826101_1.7.webp,Dramat;Fantasy;Kostiumowy;Poetycki
American Sniper,,7.52,2014,https://fwcdn.pl/fpo/60/40/656040/7666910_2.7.webp,Biograficzny;Dramat;Wojenny
Pay It Forward,,7.52,2000,https://fwcdn.pl/fpo/15/07/1507/7531931_1.7.webp,Dramat
Cast Away,,7.52,2000,https://fwcdn.pl/fpo/14/70/1470/6917175_1.7.webp,Dramat
Logan,,7.51,2017,https://fwcdn.pl/fpo/35/52/713552/7774933_2.7.webp,Dramat;Akcja;Sci-Fi
Finding Neverland,,7.51,2004,https://fwcdn.pl/fpo/85/90/98590/6986606_1.7.webp,Dramat
Falling Down,,7.51,1993,https://fwcdn.pl/fpo/13/98/11398/7869875_1.7.webp,Thriller
21 Grams,,7.51,2003,https://fwcdn.pl/fpo/70/88/97088/7761502_1.7.webp,Kryminał;Thriller
Batman Begins,,7.51,2005,https://fwcdn.pl/fpo/63/76/106376/8143257.7.webp,Akcja;Sci-Fi
The Fighter,,7.51,2010,https://fwcdn.pl/fpo/04/35/420435/7358318_1.7.webp,Biograficzny;Dramat;Sportowy
Das Boot,,7.51,1981,https://fwcdn.pl/fpo/12/89/1289/7241913_1.7.webp,Dramat;Wojenny
Red Dragon,,7.51,2002,https://fwcdn.pl/fpo/23/59/32359/7381659_1.7.webp,Thriller
Deadpool,,7.51,2016,https://fwcdn.pl/fpo/46/75/514675/7716978_1.7.webp,Komedia;Akcja;Sci-Fi
Searching for Sugar Man,,7.51,2012,https://fwcdn.pl/fpo/44/73/644473/7509252_1.7.webp,Biograficzny;Dokumentalny;Muzyczny
About Time,,7.51,2013,https://fwcdn.pl/fpo/44/32/644432/7563710_1.7.webp,Dramat;Fantasy;Komedia;Romans
Krótki film o miłości,,7.51,1988,https://fwcdn.pl/fpo/11/58/1158/8029002_1.7.webp,Dramat;Psychologiczny
Ostatnia rodzina,,7.51,2016,https://fwcdn.pl/fpo/56/83/735683/7748995_1.7.webp,Biograficzny
The Judge,,7.51,2014,https://fwcdn.pl/fpo/07/14/630714/7637769_2.7.webp,Dramat;Kryminał
The Butterfly Circus,,7.51,2009,https://fwcdn.pl/fpo/23/42/542342/7292037_1.7.webp,Dramat;Krótkometrażowy
Mommy,,7.51,2014,https://fwcdn.pl/fpo/93/53/709353/7635414_1.7.webp,Dramat
Nóż w wodzie,,7.5,1961,https://fwcdn.pl/fpo/08/94/894/6901080_1.7.webp,Dramat;Psychologiczny
Annie Hall,,7.5,1977,https://fwcdn.pl/fpo/09/35/935/7246193_1.7.webp,Komedia obycz.
Detachment,,7.5,2011,https://fwcdn.pl/fpo/71/77/587177/7563839_1.7.webp,Dramat
Misery,,7.5,1990,https://fwcdn.pl/fpo/12/37/1237/7463412_1.7.webp,Thriller
Dangerous Liaisons,,7.5,1988,https://fwcdn.pl/fpo/10/17/1017/7717287_1.7.webp,Kostiumowy;Melodramat
Dogville,,7.5,2003,https://fwcdn.pl/fpo/33/28/33328/7871976_1.7.webp,Dramat;Thriller
Big Fish,,7.5,2003,https://fwcdn.pl/fpo/63/65/36365/6956691_2.7.webp,Dramat;Fantasy
And Now for Something Completely Different,,7.5,1971,https://fwcdn.pl/fpo/10/98/1098/7710506_1.7.webp,Komedia
Guardians of the Galaxy Vol. 3,,7.5,2023,https://fwcdn.pl/fpo/60/77/806077/8072082_1.7.webp,Akcja;Sci-Fi
Inside Man,,7.5,2006,https://fwcdn.pl/fpo/78/51/207851/7127128_1.7.webp,Sensacyjny;Thriller
Manchester by the Sea,,7.5,2016,https://fwcdn.pl/fpo/61/82/736182/7773796_2.7.webp,Dramat
The Piano,,7.5,1993,https://fwcdn.pl/fpo/10/58/1058/7879822_1.7.webp,Kostiumowy;Melodramat
Trois couleurs Bleu,,7.5,1993,https://fwcdn.pl/fpo/11/61/1161/6925912_1.7.webp,Melodramat;Psychologiczny
Zimna wojna,,7.5,2018,https://fwcdn.pl/fpo/40/39/764039/7845442_2.7.webp,Melodramat
A Time to Kill,,7.5,1996,https://fwcdn.pl/fpo/47/94/4794/7987687_1.7.webp,Dramat
Nie lubię poniedziałku,,7.5,1971,https://fwcdn.pl/fpo/09/01/901/7431991_1.7.webp,Komedia obycz.
Memento,,7.5,2000,https://fwcdn.pl/fpo/76/56/7656/7794416_1.7.webp,Kryminał;Thriller
Trois couleurs: Rouge,,7.5,1994,https://fwcdn.pl/fpo/11/62/1162/6925938_1.7.webp,Dramat;Psychologiczny
Det sjunde inseglet,,7.5,1957,https://fwcdn.pl/fpo/14/54/1454/7531319_1.7.webp,Dramat
Hotel Rwanda,,7.49,2004,https://fwcdn.pl/fpo/98/25/139825/7374323_1.7.webp,Biograficzny;Dramat
Love Actually,,7.49,2003,https://fwcdn.pl/fpo/93/90/99390/7537950_1.7.webp,Komedia rom.;Świąteczny
Beauty and the Beast,,7.49,1991,https://fwcdn.pl/fpo/13/66/31366/7428542_1.7.webp,Animacja;Familijny;Baśń
Le fabuleux destin d'Amélie Poulain,,7.49,2001,https://fwcdn.pl/fpo/14/16/31416/7515197_1.7.webp,Dramat;Komedia rom.
El Maquinista,,7.49,2004,https://fwcdn.pl/fpo/73/77/107377/7523167_2.7.webp,Dramat;Thriller
1917,,7.49,2019,https://fwcdn.pl/fpo/69/80/816980/7913530_2.7.webp,Dramat;Wojenny
L.A. Confidential,,7.49,1997,https://fwcdn.pl/fpo/05/55/555/7533433_1.7.webp,Kryminał;Thriller
Wesele,,7.49,2004,https://fwcdn.pl/fpo/40/98/124098/7521214_2.7.webp,Dramat;Komedia
Sunset Boulevard,,7.49,1950,https://fwcdn.pl/fpo/12/78/31278/7682839_1.7.webp,Dramat;Film-Noir
Underground,,7.49,1995,https://fwcdn.pl/fpo/09/90/990/8074638_1.7.webp,Dramat;Komedia;Wojenny
Fargo,,7.49,1996,https://fwcdn.pl/fpo/12/53/1253/6926223_1.7.webp,Dramat;Thriller
Harry Potter and the Deathly Hallows: Part 1,,7.49,2010,https://fwcdn.pl/fpo/69/69/396969/7342708_1.7.webp,Familijny;Fantasy;Przygodowy
Twelve Monkeys,,7.49,1995,https://fwcdn.pl/fpo/12/10/1210/7990474_1.7.webp,Dramat;Sci-Fi
Thelma & Louise,,7.49,1991,https://fwcdn.pl/fpo/09/84/984/7853008_1.7.webp,Dramat
Ocean's Eleven,,7.49,2001,https://fwcdn.pl/fpo/82/63/8263/7530898_1.7.webp,Komedia kryminalna
Relatos salvajes,,7.49,2014,https://fwcdn.pl/fpo/95/45/689545/7641303_2.7.webp,Czarna komedia
Das Leben der Anderen,,7.49,2006,https://fwcdn.pl/fpo/31/75/293175/7525666_2.7.webp,Dramat
My Sister's Keeper,,7.48,2009,https://fwcdn.pl/fpo/33/28/463328/7321716_2.7.webp,Dramat obyczajowy
The Bourne Supremacy,,7.48,2004,https://fwcdn.pl/fpo/64/15/106415/7525660_2.7.webp,Sensacyjny
The Theory of Everything,,7.48,2014,https://fwcdn.pl/fpo/18/62/691862/7667694_1.7.webp,Biograficzny;Dramat
Blood Diamond,,7.48,2006,https://fwcdn.pl/fpo/00/92/200092/7533457_2.7.webp,Dramat
Corpse Bride,,7.48,2005,https://fwcdn.pl/fpo/84/97/118497/7519261_2.7.webp,Animacja;Czarna komedia
Die Hard,,7.48,1988,https://fwcdn.pl/fpo/12/70/1270/7382745_1.7.webp,Sensacyjny;Świąteczny
300,,7.47,2006,https://fwcdn.pl/fpo/35/97/163597/7521197_2.7.webp,Dramat historyczny
I Am Legend,,7.47,2007,https://fwcdn.pl/fpo/78/01/217801/7182225_1.7.webp,Horror;Sci-Fi
Spirit: Stallion of the Cimarron,,7.47,2002,https://fwcdn.pl/fpo/23/63/32363/6900493_1.7.webp,Animacja;Familijny;Przygodowy
Harry Potter and the Sorcerer's Stone,,7.47,2001,https://fwcdn.pl/fpo/05/71/30571/7529392_1.7.webp,Familijny;Fantasy;Przygodowy
Spotlight,,7.47,2015,https://fwcdn.pl/fpo/35/50/723550/7724898_1.7.webp,Dramat
Harry Potter and the Half-Blood Prince,,7.47,2009,https://fwcdn.pl/fpo/24/02/142402/7269013_2.7.webp,Familijny;Fantasy;Przygodowy
Lion,,7.47,2016,https://fwcdn.pl/fpo/12/26/731226/7760142_2.7.webp,Dramat
Frozen,,7.47,2013,https://fwcdn.pl/fpo/19/32/651932/7579505_2.7.webp,Animacja;Familijny;Musical;Przygodowy
August Rush,,7.46,2007,https://fwcdn.pl/fpo/47/26/224726/7239700_2.7.webp,Dramat;Muzyczny
Training Day,,7.46,2001,https://fwcdn.pl/fpo/16/86/31686/7536874_1.7.webp,Dramat;Kryminał
Blade Runner 2049,,7.46,2017,https://fwcdn.pl/fpo/07/98/630798/7801880_1.7.webp,Thriller;Sci-Fi
Soul,,7.46,2020,https://fwcdn.pl/fpo/66/50/836650/7934792_2.7.webp,Animacja;Komedia;Przygodowy
Le Petit Prince,,7.46,2015,https://fwcdn.pl/fpo/20/26/602026/7695406_1.7.webp,Animacja;Fantasy;Przygodowy
Per un pugno di dollari,,7.46,1964,https://fwcdn.pl/fpo/18/89/11889/7285259_1.7.webp,Western
The Blues Brothers,,7.46,1980,https://fwcdn.pl/fpo/12/25/1225/6912728_1.7.webp,Komedia;Musical
Natural Born Killers,,7.46,1994,https://fwcdn.pl/fpo/10/49/1049/7841320_1.7.webp,Dramat;Thriller;Romans
Up,,7.46,2009,https://fwcdn.pl/fpo/67/04/436704/7290601_2.7.webp,Animacja;Familijny;Komedia;Przygodowy
The Last of the Mohicans,,7.46,1992,https://fwcdn.pl/fpo/84/27/8427/7517881_1.7.webp,Dramat historyczny
Stalker,,7.46,1979,https://fwcdn.pl/fpo/08/08/30808/7884381_1.7.webp,Sci-Fi;Dramat obyczajowy
Deadpool 2,,7.46,2018,https://fwcdn.pl/fpo/04/29/760429/7840533_2.7.webp,Komedia;Akcja;Sci-Fi
Murder in the First,,7.46,1995,https://fwcdn.pl/fpo/10/55/1055/7989391_1.7.webp,Dramat sądowy
Persepolis,,7.46,2007,https://fwcdn.pl/fpo/83/62/338362/7179915_2.7.webp,Dramat;Animacja dla dorosłych
Breaking the Waves,,7.45,1996,https://fwcdn.pl/fpo/01/58/158/7695545_1.7.webp,Dramat
Guardians of the Galaxy Vol. 2,,7.45,2017,https://fwcdn.pl/fpo/21/46/722146/7779933_2.7.webp,Akcja;Sci-Fi
Twardowsky,,7.45,2015,https://fwcdn.pl/fpo/95/64/759564/7770146_2.7.webp,Sci-Fi;Krótkometrażowy
Lethal Weapon,,7.45,1987,https://fwcdn.pl/fpo/13/08/1308/7059259_1.7.webp,Komedia kryminalna
The Maker,,7.45,2011,https://fwcdn.pl/fpo/38/72/643872/7461463_1.7.webp,Animacja;Fantasy;Krótkometrażowy
Pora umierać,,7.45,2007,https://fwcdn.pl/fpo/83/18/338318/7173360_1.7.webp,Dramat
Hooligans,,7.45,2005,https://fwcdn.pl/fpo/41/19/124119/7521205_2.7.webp,Dramat
The Nightmare Before Christmas,,7.45,1993,https://fwcdn.pl/fpo/77/05/7705/7130230_1.7.webp,Animacja;Fantasy;Musical;Świąteczny
Le locataire,,7.45,1976,https://fwcdn.pl/fpo/71/94/7194/7976092_1.7.webp,Thriller;Psychologiczny
Vozvrashchenie,,7.45,2003,https://fwcdn.pl/fpo/76/97/107697/6973431_2.7.webp,Dramat
Smultronstället,,7.45,1957,https://fwcdn.pl/fpo/16/70/31670/6918586_1.7.webp,Dramat
Sweeney Todd: The Demon Barber of Fleet Street,,7.45,2007,https://fwcdn.pl/fpo/19/45/191945/7379045_1.7.webp,Musical;Thriller
Popiół i diament,,7.45,1958,https://fwcdn.pl/fpo/11/18/1118/7005370_1.7.webp,Dramat;Psychologiczny;Polityczny
Spider-Man: No Way Home,,7.45,2021,https://fwcdn.pl/fpo/02/61/850261/7985244_2.7.webp,Akcja;Sci-Fi
What Dreams May Come,,7.45,1998,https://fwcdn.pl/fpo/05/38/538/6930166_1.7.webp,Fantasy;Melodramat
Poszukiwany, poszukiwana,,7.45,1972,https://fwcdn.pl/fpo/11/69/1169/7143521_1.7.webp,Komedia
The Patriot,,7.45,2000,https://fwcdn.pl/fpo/09/44/944/7518078_1.7.webp,Dramat historyczny
The Perks of Being a Wallflower,,7.45,2012,https://fwcdn.pl/fpo/26/39/572639/7559915_2.7.webp,Melodramat
La leggenda del pianista sull'oceano,,7.45,1998,https://fwcdn.pl/fpo/08/63/863/7521196_1.7.webp,Dramat;Muzyczny
Madagascar,,7.45,2005,https://fwcdn.pl/fpo/75/35/107535/7521192_2.7.webp,Animacja;Familijny
Idi i smotri,,7.44,1985,https://fwcdn.pl/fpo/51/85/35185/7659053_2.7.webp,Dramat;Wojenny
Lady and the Tramp,,7.44,1955,https://fwcdn.pl/fpo/36/44/93644/7914273_1.7.webp,Animacja;Familijny;Romans;Muzyczny
Män som hatar kvinnor,,7.44,2009,https://fwcdn.pl/fpo/58/57/465857/7290307_2.7.webp,Kryminał;Thriller
The Color Purple,,7.44,1985,https://fwcdn.pl/fpo/12/18/1218/7708465_1.7.webp,Dramat obyczajowy
Lucky Number Slevin,,7.44,2006,https://fwcdn.pl/fpo/05/08/130508/7535943_2.7.webp,Komedia kryminalna
Enter the Dragon,,7.44,1973,https://fwcdn.pl/fpo/15/80/11580/7210583_1.7.webp,Akcja;Sztuki walki
Monsters, Inc.,,7.44,2001,https://fwcdn.pl/fpo/15/08/31508/7519129_1.7.webp,Animacja;Familijny;Komedia
Hercules,,7.44,1997,https://fwcdn.pl/fpo/05/22/522/7363236_2.7.webp,Animacja;Familijny;Przygodowy
Indiana Jones and the Temple of Doom,,7.44,1984,https://fwcdn.pl/fpo/12/14/1214/7211115_1.7.webp,Przygodowy
Kanał,,7.44,1956,https://fwcdn.pl/fpo/11/17/1117/7358407_1.7.webp,Dramat;Wojenny
Vabank II, czyli riposta,,7.44,1984,https://fwcdn.pl/fpo/11/47/1147/7413437_1.7.webp,Komedia kryminalna
The World's Fastest Indian,,7.43,2005,https://fwcdn.pl/fpo/40/79/124079/7580685_2.7.webp,Biograficzny;Dramat
Enemy of the State,,7.43,1998,https://fwcdn.pl/fpo/17/83/11783/7488943_1.7.webp,Sensacyjny
Mulholland Dr.,,7.43,2001,https://fwcdn.pl/fpo/06/30/30630/7519125_1.7.webp,Dramat;Thriller
Casino Royale,,7.43,2006,https://fwcdn.pl/fpo/76/42/107642/8121746_1.7.webp,Sensacyjny
Metropolis,,7.43,1927,https://fwcdn.pl/fpo/13/52/31352/7188924_1.7.webp,Sci-Fi;Niemy
The Thin Red Line,,7.43,1998,https://fwcdn.pl/fpo/00/28/28/7527824_1.7.webp,Dramat;Wojenny
Witness for the Prosecution,,7.43,1957,https://fwcdn.pl/fpo/15/81/31581/7205698_1.7.webp,Kryminał;Dramat sądowy
To Kill a Mockingbird,,7.43,1962,https://fwcdn.pl/fpo/19/00/11900/7452813_1.7.webp,Dramat
Fear and Loathing in Las Vegas,,7.43,1998,https://fwcdn.pl/fpo/07/72/772/7535966_1.7.webp,Dramat;Surrealistyczny;Komedia
The Gentlemen,,7.43,2019,https://fwcdn.pl/fpo/74/20/817420/7908436_2.7.webp,Kryminał;Akcja
Tato,,7.42,1995,https://fwcdn.pl/fpo/11/92/1192/8074639_1.7.webp,Dramat obyczajowy
Isle of Dogs,,7.42,2018,https://fwcdn.pl/fpo/62/78/756278/7831716_2.7.webp,Animacja;Komedia;Przygodowy
Todo sobre mi madre,,7.42,1999,https://fwcdn.pl/fpo/07/58/758/6900950_1.7.webp,Dramat
Ondskan,,7.42,2003,https://fwcdn.pl/fpo/99/07/109907/6953600_2.7.webp,Dramat
Back to the Future Part II,,7.42,1989,https://fwcdn.pl/fpo/88/24/8824/7872446_1.7.webp,Komedia;Przygodowy;Sci-Fi
12 Years a Slave,,7.42,2013,https://fwcdn.pl/fpo/24/19/632419/7589838_2.7.webp,Biograficzny;Dramat historyczny
Trois couleurs Blanc,,7.42,1994,https://fwcdn.pl/fpo/11/60/1160/7535958_1.7.webp,Dramat;Psychologiczny
Back to the Future,,7.42,1985,https://fwcdn.pl/fpo/88/23/8823/7862830_1.7.webp,Komedia;Przygodowy;Sci-Fi
The Avengers,,7.42,2012,https://fwcdn.pl/fpo/15/15/371515/7611932_1.7.webp,Akcja;Sci-Fi
Rejs,,7.42,1970,https://fwcdn.pl/fpo/07/51/751/7575866_1.7.webp,Komedia
Dracula,,7.42,1992,https://fwcdn.pl/fpo/10/13/1013/7730435_1.7.webp,Horror
Puss in Boots: The Last Wish,,7.42,2022,https://fwcdn.pl/fpo/44/79/714479/8044659_2.7.webp,Animacja;Komedia;Przygodowy
Les douze travaux d'Astérix,,7.42,1976,https://fwcdn.pl/fpo/24/95/32495/7045581_2.7.webp,Animacja;Familijny;Komedia;Przygodowy
Treasure Planet,,7.42,2002,https://fwcdn.pl/fpo/22/54/32254/7586801_1.7.webp,Animacja;Familijny;Przygodowy;Sci-Fi
The Phantom of the Opera,,7.42,2004,https://fwcdn.pl/fpo/64/61/106461/7143114_2.7.webp,Melodramat;Musical
We Were Soldiers,,7.41,2002,https://fwcdn.pl/fpo/17/50/31750/6900448_1.7.webp,Dramat;Wojenny
Vincent,,7.41,1982,https://fwcdn.pl/fpo/14/63/11463/7520050_1.7.webp,Animacja;Dramat;Krótkometrażowy
Harry Potter and the Order of the Phoenix,,7.41,2007,https://fwcdn.pl/fpo/30/08/113008/7166226_2.7.webp,Familijny;Fantasy;Przygodowy
Hable con ella,,7.41,2002,https://fwcdn.pl/fpo/24/13/32413/7792021_1.7.webp,Dramat
The Exorcist,,7.41,1973,https://fwcdn.pl/fpo/13/15/1315/7368591_1.7.webp,Horror
Guardians of the Galaxy,,7.41,2014,https://fwcdn.pl/fpo/43/57/594357/7619980_2.7.webp,Akcja;Sci-Fi
Sound of Metal,,7.41,2019,https://fwcdn.pl/fpo/32/76/763276/7950897_1.7.webp,Dramat
Control,,7.41,2007,https://fwcdn.pl/fpo/13/64/211364/7184491_2.7.webp,Biograficzny;Dramat;Muzyczny
Atonement,,7.41,2007,https://fwcdn.pl/fpo/54/74/305474/7530915_2.7.webp,Melodramat
Plac Zbawiciela,,7.41,2006,https://fwcdn.pl/fpo/59/50/245950/7518135_2.7.webp,Dramat
Erin Brockovich,,7.41,2000,https://fwcdn.pl/fpo/08/83/883/7488046_1.7.webp,Dramat
Hidden Figures,,7.41,2016,https://fwcdn.pl/fpo/31/34/763134/7774552_1.7.webp,Biograficzny;Dramat
A Walk to Remember,,7.41,2002,https://fwcdn.pl/fpo/32/95/33295/7521211_1.7.webp,Melodramat;Dla młodzieży
Before Sunrise,,7.4,1995,https://fwcdn.pl/fpo/40/95/4095/7635402_1.7.webp,Dramat;Romans
The Fast and the Furious,,7.4,2001,https://fwcdn.pl/fpo/05/88/30588/7145648_1.7.webp,Akcja
One Day,,7.4,2011,https://fwcdn.pl/fpo/14/18/571418/7403658_1.7.webp,Melodramat
City of Angels,,7.4,1998,https://fwcdn.pl/fpo/01/16/116/7231891_1.7.webp,Fantasy;Melodramat
Shrek 2,,7.4,2004,https://fwcdn.pl/fpo/34/04/33404/7519128_1.7.webp,Animacja;Familijny;Komedia
Skazany na bluesa,,7.4,2005,https://fwcdn.pl/fpo/90/27/99027/7107062_1.7.webp,Dramat;Muzyczny
Who Am I - Kein System ist sicher,,7.4,2014,https://fwcdn.pl/fpo/64/30/726430/7666909_2.7.webp,Thriller
Felon,,7.4,2008,https://fwcdn.pl/fpo/42/12/464212/7372964_1.7.webp,Dramat;Kryminał
The Magnificent Seven,,7.4,1960,https://fwcdn.pl/fpo/95/25/9525/7522107_1.7.webp,Western
Anastasia,,7.4,1997,https://fwcdn.pl/fpo/00/06/6/7913368_1.7.webp,Animacja;Familijny;Musical;Przygodowy
V for Vendetta,,7.4,2005,https://fwcdn.pl/fpo/00/40/180040/7538604_2.7.webp,Thriller;Sci-Fi
Dirty Dancing,,7.4,1987,https://fwcdn.pl/fpo/17/26/11726/7169736_1.7.webp,Melodramat;Muzyczny
The Truman Show,,7.39,1998,https://fwcdn.pl/fpo/01/89/189/7986277_1.7.webp,Dramat;Komedia;Sci-Fi
As Good as It Gets,,7.39,1997,https://fwcdn.pl/fpo/00/97/97/8022984_1.7.webp,Dramat;Komedia;Romans
The Straight Story,,7.39,1999,https://fwcdn.pl/fpo/08/21/821/7190226_1.7.webp,Dramat obyczajowy
The Thing,,7.39,1982,https://fwcdn.pl/fpo/47/13/4713/7535946_1.7.webp,Horror;Sci-Fi
Moana,,7.39,2016,https://fwcdn.pl/fpo/46/35/704635/7755257_2.7.webp,Animacja;Familijny;Przygodowy
The Passion of the Christ,,7.39,2004,https://fwcdn.pl/fpo/82/33/38233/7517638_1.7.webp,Dramat;Biblijny
Me Before You,,7.39,2016,https://fwcdn.pl/fpo/37/05/723705/7730927_1.7.webp,Melodramat
The Bridges of Madison County,,7.39,1995,https://fwcdn.pl/fpo/06/41/641/7469336_1.7.webp,Melodramat
The Bone Collector,,7.39,1999,https://fwcdn.pl/fpo/08/49/849/6902062_1.7.webp,Kryminał;Thriller
Fa yeung nin wa,,7.39,2000,https://fwcdn.pl/fpo/15/08/1508/7998347_1.7.webp,Melodramat
Promising Young Woman,,7.39,2020,https://fwcdn.pl/fpo/54/86/835486/7945202_2.7.webp,Dramat;Kryminał
Escape from Alcatraz,,7.39,1979,https://fwcdn.pl/fpo/13/06/11306/7358178_1.7.webp,Dramat;Thriller
Chocolat,,7.39,2000,https://fwcdn.pl/fpo/45/45/4545/7519126_1.7.webp,Dramat;Komedia;Romans
Captain Fantastic,,7.39,2016,https://fwcdn.pl/fpo/02/04/720204/7735388_1.7.webp,Dramat
Pocahontas,,7.39,1995,https://fwcdn.pl/fpo/87/12/8712/8063749_1.7.webp,Animacja;Romans
Amour,,7.39,2012,https://fwcdn.pl/fpo/02/44/610244/7752279_2.7.webp,Melodramat
Le scaphandre et le papillon,,7.38,2007,https://fwcdn.pl/fpo/22/42/122242/7181585_2.7.webp,Biograficzny;Dramat
Brothers,,7.38,2009,https://fwcdn.pl/fpo/99/73/459973/7569264_2.7.webp,Dramat
The Last King of Scotland,,7.38,2006,https://fwcdn.pl/fpo/15/84/231584/7131577_2.7.webp,Dramat
Kill Bill: Vol. 2,,7.38,2004,https://fwcdn.pl/fpo/55/75/105575/7532134_2.7.webp,Thriller;Akcja
Toy Story,,7.38,1995,https://fwcdn.pl/fpo/07/11/711/7312131_1.7.webp,Animacja;Familijny;Komedia
Akira,,7.38,1988,https://fwcdn.pl/fpo/18/65/31865/8095953_1.7.webp,Sci-Fi;Anime
Now Is Good,,7.38,2012,https://fwcdn.pl/fpo/74/15/627415/7501688_2.7.webp,Dramat obyczajowy
Sin City,,7.38,2005,https://fwcdn.pl/fpo/25/84/112584/7517873_2.7.webp,Kryminał
